Objection,Rebuttal,Category,Tags
How is this different when it comes to fees?,"That makes sense, and you’re not wrong to ask that. But let me flip it — if I could show you a way to eliminate that concern completely and still grow your business faster, wouldn’t it be worth a look?",Fees Concern,"fees, objection"
My broker already helps me with production.,I respect that — but every top producer I’ve worked with has faced that same thought. The difference is they chose growth over comfort. Can I show you why they made the switch?,Production Concern,"production, objection"
This seems like too much change just to improve switching brokers.,"Totally fair. But here’s the thing — what got you here won’t get you there. If I could show you how our system helps you close 2–3 more deals a month, fully built for you, with no extra time or tech overwhelm… would you take a closer look?",Switching Brokers Concern,"switching brokers, objection"
I’m already getting decent risk support where I’m at.,"You’re not the only one who’s said that. But here’s the reality — that objection often comes from a place of comfort, not clarity. What if we could break that down together and see if it’s actually helping or hurting your business?",Risk Concern,"risk, objection"
I’m already getting decent compliance support where I’m at.,"Totally fair. But here’s the thing — what got you here won’t get you there. If I could show you how our system helps you close 2–3 more deals a month, fully built for you, with no extra time or tech overwhelm… would you take a closer look?",Compliance Concern,"compliance, objection"
This seems like too much change just to improve timing.,"Totally fair. But here’s the thing — what got you here won’t get you there. If I could show you how our system helps you close 2–3 more deals a month, fully built for you, with no extra time or tech overwhelm… would you take a closer look?",Timing Concern,"timing, objection"
"Honestly, I don’t think I need help with training.","Totally fair. But here’s the thing — what got you here won’t get you there. If I could show you how our system helps you close 2–3 more deals a month, fully built for you, with no extra time or tech overwhelm… would you take a closer look?",Training Concern,"training, objection"
This seems like too much change just to improve marketing.,"Totally fair. But here’s the thing — what got you here won’t get you there. If I could show you how our system helps you close 2–3 more deals a month, fully built for you, with no extra time or tech overwhelm… would you take a closer look?",Marketing Concern,"marketing, objection"
The leads part worries me.,"You’re not the only one who’s said that. But here’s the reality — that objection often comes from a place of comfort, not clarity. What if we could break that down together and see if it’s actually helping or hurting your business?",Leads Concern,"leads, objection"
The tools part worries me.,I respect that — but every top producer I’ve worked with has faced that same thought. The difference is they chose growth over comfort. Can I show you why they made the switch?,Tools Concern,"tools, objection"
I’ve had bad experiences with fear of change before.,"That makes sense, and you’re not wrong to ask that. But let me flip it — if I could show you a way to eliminate that concern completely and still grow your business faster, wouldn’t it be worth a look?",Fear Of Change Concern,"fear of change, objection"
I feel like I’ll lose control over tech.,I respect that — but every top producer I’ve worked with has faced that same thought. The difference is they chose growth over comfort. Can I show you why they made the switch?,Tech Concern,"tech, objection"
"Honestly, I don’t think I need help with referrals.",I completely get that — and it’s a valid concern. But let me ask you this: what if staying where you are is actually costing you more than making the move? Most agents don’t realize what they’re missing until they see it. Let me show you real numbers and you tell me if it’s worth it.,Referrals Concern,"referrals, objection"
I’m already getting decent team building support where I’m at.,"You’re not the only one who’s said that. But here’s the reality — that objection often comes from a place of comfort, not clarity. What if we could break that down together and see if it’s actually helping or hurting your business?",Team Building Concern,"team building, objection"
I’ve had bad experiences with culture before.,I completely get that — and it’s a valid concern. But let me ask you this: what if staying where you are is actually costing you more than making the move? Most agents don’t realize what they’re missing until they see it. Let me show you real numbers and you tell me if it’s worth it.,Culture Concern,"culture, objection"
My broker already helps me with timing.,"That makes sense, and you’re not wrong to ask that. But let me flip it — if I could show you a way to eliminate that concern completely and still grow your business faster, wouldn’t it be worth a look?",Timing Concern,"timing, objection"
I’m not sure switching will solve my issues with commission.,"You’re not the only one who’s said that. But here’s the reality — that objection often comes from a place of comfort, not clarity. What if we could break that down together and see if it’s actually helping or hurting your business?",Commission Concern,"commission, objection"
I’ve had bad experiences with risk before.,"Totally fair. But here’s the thing — what got you here won’t get you there. If I could show you how our system helps you close 2–3 more deals a month, fully built for you, with no extra time or tech overwhelm… would you take a closer look?",Risk Concern,"risk, objection"
I’m not sure switching will solve my issues with timing.,"That makes sense, and you’re not wrong to ask that. But let me flip it — if I could show you a way to eliminate that concern completely and still grow your business faster, wouldn’t it be worth a look?",Timing Concern,"timing, objection"
"Honestly, I don’t think I need help with tools.","Totally fair. But here’s the thing — what got you here won’t get you there. If I could show you how our system helps you close 2–3 more deals a month, fully built for you, with no extra time or tech overwhelm… would you take a closer look?",Tools Concern,"tools, objection"
My broker already helps me with revenue share.,I respect that — but every top producer I’ve worked with has faced that same thought. The difference is they chose growth over comfort. Can I show you why they made the switch?,Revenue Share Concern,"revenue share, objection"
I’m not sure switching will solve my issues with location.,I completely get that — and it’s a valid concern. But let me ask you this: what if staying where you are is actually costing you more than making the move? Most agents don’t realize what they’re missing until they see it. Let me show you real numbers and you tell me if it’s worth it.,Location Concern,"location, objection"
My broker already helps me with leads.,I respect that — but every top producer I’ve worked with has faced that same thought. The difference is they chose growth over comfort. Can I show you why they made the switch?,Leads Concern,"leads, objection"
"Honestly, I don’t think I need help with production.","You’re not the only one who’s said that. But here’s the reality — that objection often comes from a place of comfort, not clarity. What if we could break that down together and see if it’s actually helping or hurting your business?",Production Concern,"production, objection"
The training part worries me.,I completely get that — and it’s a valid concern. But let me ask you this: what if staying where you are is actually costing you more than making the move? Most agents don’t realize what they’re missing until they see it. Let me show you real numbers and you tell me if it’s worth it.,Training Concern,"training, objection"
This seems like too much change just to improve training.,"That makes sense, and you’re not wrong to ask that. But let me flip it — if I could show you a way to eliminate that concern completely and still grow your business faster, wouldn’t it be worth a look?",Training Concern,"training, objection"
I’m not sure switching will solve my issues with tech.,"You’re not the only one who’s said that. But here’s the reality — that objection often comes from a place of comfort, not clarity. What if we could break that down together and see if it’s actually helping or hurting your business?",Tech Concern,"tech, objection"
This seems like too much change just to improve sponsorship.,I completely get that — and it’s a valid concern. But let me ask you this: what if staying where you are is actually costing you more than making the move? Most agents don’t realize what they’re missing until they see it. Let me show you real numbers and you tell me if it’s worth it.,Sponsorship Concern,"sponsorship, objection"
I’ve had bad experiences with leads before.,I respect that — but every top producer I’ve worked with has faced that same thought. The difference is they chose growth over comfort. Can I show you why they made the switch?,Leads Concern,"leads, objection"
The onboarding part worries me.,I completely get that — and it’s a valid concern. But let me ask you this: what if staying where you are is actually costing you more than making the move? Most agents don’t realize what they’re missing until they see it. Let me show you real numbers and you tell me if it’s worth it.,Onboarding Concern,"onboarding, objection"
How is this different when it comes to compliance?,"That makes sense, and you’re not wrong to ask that. But let me flip it — if I could show you a way to eliminate that concern completely and still grow your business faster, wouldn’t it be worth a look?",Compliance Concern,"compliance, objection"
The broker loyalty part worries me.,"You’re not the only one who’s said that. But here’s the reality — that objection often comes from a place of comfort, not clarity. What if we could break that down together and see if it’s actually helping or hurting your business?",Broker Loyalty Concern,"broker loyalty, objection"
The overhead part worries me.,"Totally fair. But here’s the thing — what got you here won’t get you there. If I could show you how our system helps you close 2–3 more deals a month, fully built for you, with no extra time or tech overwhelm… would you take a closer look?",Overhead Concern,"overhead, objection"
I’ve had bad experiences with compliance before.,"That makes sense, and you’re not wrong to ask that. But let me flip it — if I could show you a way to eliminate that concern completely and still grow your business faster, wouldn’t it be worth a look?",Compliance Concern,"compliance, objection"
I’ve had bad experiences with support before.,I completely get that — and it’s a valid concern. But let me ask you this: what if staying where you are is actually costing you more than making the move? Most agents don’t realize what they’re missing until they see it. Let me show you real numbers and you tell me if it’s worth it.,Support Concern,"support, objection"
I’m already getting decent overhead support where I’m at.,"Totally fair. But here’s the thing — what got you here won’t get you there. If I could show you how our system helps you close 2–3 more deals a month, fully built for you, with no extra time or tech overwhelm… would you take a closer look?",Overhead Concern,"overhead, objection"
I’m already getting decent personal brand support where I’m at.,"That makes sense, and you’re not wrong to ask that. But let me flip it — if I could show you a way to eliminate that concern completely and still grow your business faster, wouldn’t it be worth a look?",Personal Brand Concern,"personal brand, objection"
My broker already helps me with fear of change.,I respect that — but every top producer I’ve worked with has faced that same thought. The difference is they chose growth over comfort. Can I show you why they made the switch?,Fear Of Change Concern,"fear of change, objection"
My broker already helps me with tech.,I completely get that — and it’s a valid concern. But let me ask you this: what if staying where you are is actually costing you more than making the move? Most agents don’t realize what they’re missing until they see it. Let me show you real numbers and you tell me if it’s worth it.,Tech Concern,"tech, objection"
I'm concerned about the compliance.,I completely get that — and it’s a valid concern. But let me ask you this: what if staying where you are is actually costing you more than making the move? Most agents don’t realize what they’re missing until they see it. Let me show you real numbers and you tell me if it’s worth it.,Compliance Concern,"compliance, objection"
I’m not sure switching will solve my issues with broker loyalty.,"You’re not the only one who’s said that. But here’s the reality — that objection often comes from a place of comfort, not clarity. What if we could break that down together and see if it’s actually helping or hurting your business?",Broker Loyalty Concern,"broker loyalty, objection"
The team building part worries me.,"That makes sense, and you’re not wrong to ask that. But let me flip it — if I could show you a way to eliminate that concern completely and still grow your business faster, wouldn’t it be worth a look?",Team Building Concern,"team building, objection"
I feel like I’ll lose control over compliance.,"You’re not the only one who’s said that. But here’s the reality — that objection often comes from a place of comfort, not clarity. What if we could break that down together and see if it’s actually helping or hurting your business?",Compliance Concern,"compliance, objection"
The personal brand part worries me.,"Totally fair. But here’s the thing — what got you here won’t get you there. If I could show you how our system helps you close 2–3 more deals a month, fully built for you, with no extra time or tech overwhelm… would you take a closer look?",Personal Brand Concern,"personal brand, objection"
I’m already getting decent fees support where I’m at.,"That makes sense, and you’re not wrong to ask that. But let me flip it — if I could show you a way to eliminate that concern completely and still grow your business faster, wouldn’t it be worth a look?",Fees Concern,"fees, objection"
The revenue share part worries me.,"That makes sense, and you’re not wrong to ask that. But let me flip it — if I could show you a way to eliminate that concern completely and still grow your business faster, wouldn’t it be worth a look?",Revenue Share Concern,"revenue share, objection"
My broker already helps me with comfort zone.,I completely get that — and it’s a valid concern. But let me ask you this: what if staying where you are is actually costing you more than making the move? Most agents don’t realize what they’re missing until they see it. Let me show you real numbers and you tell me if it’s worth it.,Comfort Zone Concern,"comfort zone, objection"
I feel like I’ll lose control over comfort zone.,"You’re not the only one who’s said that. But here’s the reality — that objection often comes from a place of comfort, not clarity. What if we could break that down together and see if it’s actually helping or hurting your business?",Comfort Zone Concern,"comfort zone, objection"
This seems like too much change just to improve cost of moving.,"You’re not the only one who’s said that. But here’s the reality — that objection often comes from a place of comfort, not clarity. What if we could break that down together and see if it’s actually helping or hurting your business?",Cost Of Moving Concern,"cost of moving, objection"
I’m not sure switching will solve my issues with leads.,I completely get that — and it’s a valid concern. But let me ask you this: what if staying where you are is actually costing you more than making the move? Most agents don’t realize what they’re missing until they see it. Let me show you real numbers and you tell me if it’s worth it.,Leads Concern,"leads, objection"
I’ve had bad experiences with personal brand before.,I completely get that — and it’s a valid concern. But let me ask you this: what if staying where you are is actually costing you more than making the move? Most agents don’t realize what they’re missing until they see it. Let me show you real numbers and you tell me if it’s worth it.,Personal Brand Concern,"personal brand, objection"
This seems like too much change just to improve comfort zone.,I respect that — but every top producer I’ve worked with has faced that same thought. The difference is they chose growth over comfort. Can I show you why they made the switch?,Comfort Zone Concern,"comfort zone, objection"
I’m not sure switching will solve my issues with personal brand.,"You’re not the only one who’s said that. But here’s the reality — that objection often comes from a place of comfort, not clarity. What if we could break that down together and see if it’s actually helping or hurting your business?",Personal Brand Concern,"personal brand, objection"
I’ve had bad experiences with cost of moving before.,I completely get that — and it’s a valid concern. But let me ask you this: what if staying where you are is actually costing you more than making the move? Most agents don’t realize what they’re missing until they see it. Let me show you real numbers and you tell me if it’s worth it.,Cost Of Moving Concern,"cost of moving, objection"
I'm concerned about the fear of change.,I completely get that — and it’s a valid concern. But let me ask you this: what if staying where you are is actually costing you more than making the move? Most agents don’t realize what they’re missing until they see it. Let me show you real numbers and you tell me if it’s worth it.,Fear Of Change Concern,"fear of change, objection"
This seems like too much change just to improve team building.,"You’re not the only one who’s said that. But here’s the reality — that objection often comes from a place of comfort, not clarity. What if we could break that down together and see if it’s actually helping or hurting your business?",Team Building Concern,"team building, objection"
I'm concerned about the training.,I respect that — but every top producer I’ve worked with has faced that same thought. The difference is they chose growth over comfort. Can I show you why they made the switch?,Training Concern,"training, objection"
This seems like too much change just to improve onboarding.,"You’re not the only one who’s said that. But here’s the reality — that objection often comes from a place of comfort, not clarity. What if we could break that down together and see if it’s actually helping or hurting your business?",Onboarding Concern,"onboarding, objection"
The risk part worries me.,I completely get that — and it’s a valid concern. But let me ask you this: what if staying where you are is actually costing you more than making the move? Most agents don’t realize what they’re missing until they see it. Let me show you real numbers and you tell me if it’s worth it.,Risk Concern,"risk, objection"
I’ve had bad experiences with location before.,"Totally fair. But here’s the thing — what got you here won’t get you there. If I could show you how our system helps you close 2–3 more deals a month, fully built for you, with no extra time or tech overwhelm… would you take a closer look?",Location Concern,"location, objection"
My broker already helps me with referrals.,"That makes sense, and you’re not wrong to ask that. But let me flip it — if I could show you a way to eliminate that concern completely and still grow your business faster, wouldn’t it be worth a look?",Referrals Concern,"referrals, objection"
I’m already getting decent training support where I’m at.,I respect that — but every top producer I’ve worked with has faced that same thought. The difference is they chose growth over comfort. Can I show you why they made the switch?,Training Concern,"training, objection"
The comfort zone part worries me.,"You’re not the only one who’s said that. But here’s the reality — that objection often comes from a place of comfort, not clarity. What if we could break that down together and see if it’s actually helping or hurting your business?",Comfort Zone Concern,"comfort zone, objection"
I'm concerned about the branding.,I respect that — but every top producer I’ve worked with has faced that same thought. The difference is they chose growth over comfort. Can I show you why they made the switch?,Branding Concern,"branding, objection"
"Honestly, I don’t think I need help with fear of change.",I completely get that — and it’s a valid concern. But let me ask you this: what if staying where you are is actually costing you more than making the move? Most agents don’t realize what they’re missing until they see it. Let me show you real numbers and you tell me if it’s worth it.,Fear Of Change Concern,"fear of change, objection"
How is this different when it comes to overhead?,"You’re not the only one who’s said that. But here’s the reality — that objection often comes from a place of comfort, not clarity. What if we could break that down together and see if it’s actually helping or hurting your business?",Overhead Concern,"overhead, objection"
I’ve had bad experiences with onboarding before.,I respect that — but every top producer I’ve worked with has faced that same thought. The difference is they chose growth over comfort. Can I show you why they made the switch?,Onboarding Concern,"onboarding, objection"
I’ve had bad experiences with branding before.,"That makes sense, and you’re not wrong to ask that. But let me flip it — if I could show you a way to eliminate that concern completely and still grow your business faster, wouldn’t it be worth a look?",Branding Concern,"branding, objection"
How is this different when it comes to team building?,I completely get that — and it’s a valid concern. But let me ask you this: what if staying where you are is actually costing you more than making the move? Most agents don’t realize what they’re missing until they see it. Let me show you real numbers and you tell me if it’s worth it.,Team Building Concern,"team building, objection"
My broker already helps me with commission.,"That makes sense, and you’re not wrong to ask that. But let me flip it — if I could show you a way to eliminate that concern completely and still grow your business faster, wouldn’t it be worth a look?",Commission Concern,"commission, objection"
"Honestly, I don’t think I need help with overhead.","Totally fair. But here’s the thing — what got you here won’t get you there. If I could show you how our system helps you close 2–3 more deals a month, fully built for you, with no extra time or tech overwhelm… would you take a closer look?",Overhead Concern,"overhead, objection"
I’m not sure switching will solve my issues with cost of moving.,I respect that — but every top producer I’ve worked with has faced that same thought. The difference is they chose growth over comfort. Can I show you why they made the switch?,Cost Of Moving Concern,"cost of moving, objection"
The cap part worries me.,I respect that — but every top producer I’ve worked with has faced that same thought. The difference is they chose growth over comfort. Can I show you why they made the switch?,Cap Concern,"cap, objection"
I’m already getting decent location support where I’m at.,I respect that — but every top producer I’ve worked with has faced that same thought. The difference is they chose growth over comfort. Can I show you why they made the switch?,Location Concern,"location, objection"
I’m not sure switching will solve my issues with revenue share.,I completely get that — and it’s a valid concern. But let me ask you this: what if staying where you are is actually costing you more than making the move? Most agents don’t realize what they’re missing until they see it. Let me show you real numbers and you tell me if it’s worth it.,Revenue Share Concern,"revenue share, objection"
My broker already helps me with fees.,"That makes sense, and you’re not wrong to ask that. But let me flip it — if I could show you a way to eliminate that concern completely and still grow your business faster, wouldn’t it be worth a look?",Fees Concern,"fees, objection"
I'm concerned about the team building.,I completely get that — and it’s a valid concern. But let me ask you this: what if staying where you are is actually costing you more than making the move? Most agents don’t realize what they’re missing until they see it. Let me show you real numbers and you tell me if it’s worth it.,Team Building Concern,"team building, objection"
"Honestly, I don’t think I need help with timing.",I completely get that — and it’s a valid concern. But let me ask you this: what if staying where you are is actually costing you more than making the move? Most agents don’t realize what they’re missing until they see it. Let me show you real numbers and you tell me if it’s worth it.,Timing Concern,"timing, objection"
I’m not sure switching will solve my issues with culture.,I completely get that — and it’s a valid concern. But let me ask you this: what if staying where you are is actually costing you more than making the move? Most agents don’t realize what they’re missing until they see it. Let me show you real numbers and you tell me if it’s worth it.,Culture Concern,"culture, objection"
The fees part worries me.,I respect that — but every top producer I’ve worked with has faced that same thought. The difference is they chose growth over comfort. Can I show you why they made the switch?,Fees Concern,"fees, objection"
The sponsorship part worries me.,I completely get that — and it’s a valid concern. But let me ask you this: what if staying where you are is actually costing you more than making the move? Most agents don’t realize what they’re missing until they see it. Let me show you real numbers and you tell me if it’s worth it.,Sponsorship Concern,"sponsorship, objection"
I feel like I’ll lose control over team building.,I respect that — but every top producer I’ve worked with has faced that same thought. The difference is they chose growth over comfort. Can I show you why they made the switch?,Team Building Concern,"team building, objection"
My broker already helps me with branding.,I completely get that — and it’s a valid concern. But let me ask you this: what if staying where you are is actually costing you more than making the move? Most agents don’t realize what they’re missing until they see it. Let me show you real numbers and you tell me if it’s worth it.,Branding Concern,"branding, objection"
"Honestly, I don’t think I need help with broker loyalty.","You’re not the only one who’s said that. But here’s the reality — that objection often comes from a place of comfort, not clarity. What if we could break that down together and see if it’s actually helping or hurting your business?",Broker Loyalty Concern,"broker loyalty, objection"
I’m already getting decent cost of moving support where I’m at.,"You’re not the only one who’s said that. But here’s the reality — that objection often comes from a place of comfort, not clarity. What if we could break that down together and see if it’s actually helping or hurting your business?",Cost Of Moving Concern,"cost of moving, objection"
My broker already helps me with mentorship.,"You’re not the only one who’s said that. But here’s the reality — that objection often comes from a place of comfort, not clarity. What if we could break that down together and see if it’s actually helping or hurting your business?",Mentorship Concern,"mentorship, objection"
I'm concerned about the timing.,"That makes sense, and you’re not wrong to ask that. But let me flip it — if I could show you a way to eliminate that concern completely and still grow your business faster, wouldn’t it be worth a look?",Timing Concern,"timing, objection"
"Honestly, I don’t think I need help with switching brokers.","Totally fair. But here’s the thing — what got you here won’t get you there. If I could show you how our system helps you close 2–3 more deals a month, fully built for you, with no extra time or tech overwhelm… would you take a closer look?",Switching Brokers Concern,"switching brokers, objection"
This seems like too much change just to improve tools.,"You’re not the only one who’s said that. But here’s the reality — that objection often comes from a place of comfort, not clarity. What if we could break that down together and see if it’s actually helping or hurting your business?",Tools Concern,"tools, objection"
I’m not sure switching will solve my issues with comfort zone.,"You’re not the only one who’s said that. But here’s the reality — that objection often comes from a place of comfort, not clarity. What if we could break that down together and see if it’s actually helping or hurting your business?",Comfort Zone Concern,"comfort zone, objection"
"Honestly, I don’t think I need help with commission.",I completely get that — and it’s a valid concern. But let me ask you this: what if staying where you are is actually costing you more than making the move? Most agents don’t realize what they’re missing until they see it. Let me show you real numbers and you tell me if it’s worth it.,Commission Concern,"commission, objection"
The systems part worries me.,"Totally fair. But here’s the thing — what got you here won’t get you there. If I could show you how our system helps you close 2–3 more deals a month, fully built for you, with no extra time or tech overwhelm… would you take a closer look?",Systems Concern,"systems, objection"
I’m already getting decent tech support where I’m at.,"Totally fair. But here’s the thing — what got you here won’t get you there. If I could show you how our system helps you close 2–3 more deals a month, fully built for you, with no extra time or tech overwhelm… would you take a closer look?",Tech Concern,"tech, objection"
I feel like I’ll lose control over culture.,I completely get that — and it’s a valid concern. But let me ask you this: what if staying where you are is actually costing you more than making the move? Most agents don’t realize what they’re missing until they see it. Let me show you real numbers and you tell me if it’s worth it.,Culture Concern,"culture, objection"
I'm concerned about the culture.,"That makes sense, and you’re not wrong to ask that. But let me flip it — if I could show you a way to eliminate that concern completely and still grow your business faster, wouldn’t it be worth a look?",Culture Concern,"culture, objection"
I’ve had bad experiences with tools before.,I completely get that — and it’s a valid concern. But let me ask you this: what if staying where you are is actually costing you more than making the move? Most agents don’t realize what they’re missing until they see it. Let me show you real numbers and you tell me if it’s worth it.,Tools Concern,"tools, objection"
I’m already getting decent sponsorship support where I’m at.,I respect that — but every top producer I’ve worked with has faced that same thought. The difference is they chose growth over comfort. Can I show you why they made the switch?,Sponsorship Concern,"sponsorship, objection"
I feel like I’ll lose control over fees.,"That makes sense, and you’re not wrong to ask that. But let me flip it — if I could show you a way to eliminate that concern completely and still grow your business faster, wouldn’t it be worth a look?",Fees Concern,"fees, objection"
How is this different when it comes to leads?,"That makes sense, and you’re not wrong to ask that. But let me flip it — if I could show you a way to eliminate that concern completely and still grow your business faster, wouldn’t it be worth a look?",Leads Concern,"leads, objection"
How is this different when it comes to comfort zone?,I completely get that — and it’s a valid concern. But let me ask you this: what if staying where you are is actually costing you more than making the move? Most agents don’t realize what they’re missing until they see it. Let me show you real numbers and you tell me if it’s worth it.,Comfort Zone Concern,"comfort zone, objection"
